target,model,horizon_min,n,delay_rate,roc_auc,pr_auc,brier,brier_skill,log_loss,high_precision,high_recall,high_flagged_pct
any_alert,baseline,5,100000,0.0686,0.6825,0.1166,0.0624,0.0233,0.2359,,0.0,0.0
any_alert,baseline,10,100000,0.0687,0.685,0.1187,0.0625,0.0241,0.2359,,0.0,0.0
any_alert,baseline,15,100000,0.069,0.6831,0.1189,0.0627,0.0237,0.237,,0.0,0.0
any_alert,baseline,30,100000,0.0695,0.6798,0.122,0.0631,0.0235,0.2393,,0.0,0.0
any_alert,baseline,60,100000,0.069,0.6843,0.12,0.0627,0.0242,0.2369,,0.0,0.0
any_alert,baseline,120,100000,0.0694,0.6845,0.122,0.063,0.0245,0.2383,,0.0,0.0
any_alert,baseline,180,100000,0.0707,0.6828,0.1234,0.0641,0.024,0.2415,,0.0,0.0
any_alert,baseline,240,100000,0.0691,0.6889,0.1231,0.0627,0.0257,0.2362,,0.0,0.0
any_alert,baseline,360,100000,0.0694,0.687,0.1231,0.0629,0.0253,0.2374,,0.0,0.0
any_alert,logreg,5,100000,0.0686,0.7389,0.1808,0.0605,0.0533,0.2259,0.4133,0.0045,0.0008
any_alert,logreg,10,100000,0.0687,0.729,0.1684,0.0609,0.0476,0.2282,0.3919,0.0042,0.0007
any_alert,logreg,15,100000,0.069,0.721,0.1563,0.0616,0.042,0.2307,0.3286,0.0033,0.0007
any_alert,logreg,30,100000,0.0695,0.707,0.145,0.0624,0.0354,0.2344,0.3594,0.0033,0.0006
any_alert,logreg,60,100000,0.069,0.6997,0.1333,0.0623,0.0297,0.2348,0.2459,0.0022,0.0006
any_alert,logreg,120,100000,0.0694,0.685,0.1255,0.063,0.0243,0.2384,0.1321,0.001,0.0005
any_alert,logreg,180,100000,0.0707,0.6725,0.1198,0.0644,0.0196,0.2438,0.2679,0.0021,0.0006
any_alert,logreg,240,100000,0.0691,0.6793,0.1196,0.063,0.0213,0.2386,0.069,0.0006,0.0006
any_alert,logreg,360,100000,0.0694,0.6734,0.1182,0.0633,0.0201,0.2401,0.1778,0.0012,0.0004
any_alert,hgb,5,100000,0.0686,0.7669,0.2119,0.059,0.0772,0.2174,0.3796,0.0634,0.0115
any_alert,hgb,10,100000,0.0687,0.7524,0.1845,0.0601,0.0612,0.2218,0.3311,0.022,0.0046
any_alert,hgb,15,100000,0.069,0.7413,0.168,0.061,0.0514,0.2254,0.2792,0.008,0.002
any_alert,hgb,30,100000,0.0695,0.7175,0.1471,0.0622,0.0388,0.231,0.3544,0.004,0.0008
any_alert,hgb,60,100000,0.069,0.7096,0.1332,0.0621,0.0333,0.2314,0.0526,0.0001,0.0002
any_alert,hgb,120,100000,0.0694,0.7027,0.1285,0.0626,0.0309,0.2338,0.3333,0.0001,0.0
any_alert,hgb,180,100000,0.0707,0.6955,0.1266,0.0638,0.0285,0.2383,0.0,0.0,0.0
any_alert,hgb,240,100000,0.0691,0.7024,0.1273,0.0624,0.0307,0.2331,,0.0,0.0
any_alert,hgb,360,100000,0.0694,0.6955,0.1239,0.0628,0.0282,0.235,0.0,0.0,0.0
any_alert,lgbm,5,100000,0.0686,0.7697,0.2143,0.0589,0.0791,0.2167,0.3863,0.0574,0.0102
any_alert,lgbm,10,100000,0.0687,0.755,0.1886,0.0599,0.0634,0.2211,0.3467,0.0151,0.003
any_alert,lgbm,15,100000,0.069,0.7433,0.1715,0.0608,0.0534,0.2249,0.3109,0.0054,0.0012
any_alert,lgbm,30,100000,0.0695,0.7225,0.1517,0.062,0.0415,0.23,0.4865,0.0026,0.0004
any_alert,lgbm,60,100000,0.069,0.715,0.1377,0.0619,0.0361,0.2304,0.25,0.0001,0.0
any_alert,lgbm,120,100000,0.0694,0.7069,0.1323,0.0625,0.033,0.2329,1.0,0.0001,0.0
any_alert,lgbm,180,100000,0.0707,0.6999,0.1312,0.0637,0.0307,0.2374,,0.0,0.0
any_alert,lgbm,240,100000,0.0691,0.705,0.1291,0.0623,0.0319,0.2326,1.0,0.0001,0.0
any_alert,lgbm,360,100000,0.0694,0.6994,0.1268,0.0626,0.0302,0.2342,0.0,0.0,0.0
any_alert,ensemble,5,100000,0.0686,0.7681,0.2136,0.0591,0.0761,0.2179,0.4634,0.0221,0.0033
any_alert,ensemble,10,100000,0.0687,0.754,0.188,0.06,0.0618,0.2221,0.3723,0.0074,0.0014
any_alert,ensemble,15,100000,0.069,0.7428,0.1708,0.0609,0.0523,0.2257,0.3333,0.0039,0.0008
any_alert,ensemble,30,100000,0.0695,0.722,0.1521,0.062,0.0412,0.2307,0.4194,0.0019,0.0003
any_alert,ensemble,60,100000,0.069,0.7146,0.138,0.062,0.0356,0.2311,0.1429,0.0001,0.0001
any_alert,ensemble,120,100000,0.0694,0.7056,0.1329,0.0625,0.0325,0.2337,0.5,0.0001,0.0
any_alert,ensemble,180,100000,0.0707,0.6973,0.1295,0.0638,0.0294,0.2384,0.0,0.0,0.0
any_alert,ensemble,240,100000,0.0691,0.7038,0.1297,0.0623,0.0314,0.2334,,0.0,0.0
any_alert,ensemble,360,100000,0.0694,0.698,0.1274,0.0627,0.0296,0.235,,0.0,0.0
any_alert,hazard,5,100000,0.0686,0.7578,0.19,0.0598,0.0641,0.2208,0.3476,0.0379,0.0075
any_alert,hazard,10,100000,0.0687,0.7453,0.1729,0.0606,0.0534,0.2241,0.3333,0.0255,0.0053
any_alert,hazard,15,100000,0.069,0.7346,0.16,0.0613,0.0459,0.2271,0.3085,0.0162,0.0036
any_alert,hazard,30,100000,0.0695,0.7162,0.144,0.0623,0.0368,0.2314,0.2742,0.0073,0.0019
any_alert,hazard,60,100000,0.069,0.7091,0.1346,0.0621,0.0331,0.2315,0.2933,0.0032,0.0008
any_alert,hazard,120,100000,0.0694,0.7044,0.131,0.0625,0.0322,0.2334,0.1333,0.0003,0.0001
any_alert,hazard,180,100000,0.0707,0.6989,0.1291,0.0637,0.0305,0.2373,0.75,0.0004,0.0
any_alert,hazard,240,100000,0.0691,0.7021,0.1283,0.0623,0.0312,0.233,0.0,0.0,0.0
any_alert,hazard,360,100000,0.0694,0.6983,0.1269,0.0626,0.0299,0.2344,0.0,0.0,0.0
new_delay,baseline,5,100000,0.0393,0.6642,0.0633,0.0374,0.0109,0.1596,,0.0,0.0
new_delay,baseline,10,100000,0.0397,0.668,0.0647,0.0377,0.0116,0.1603,,0.0,0.0
new_delay,baseline,15,100000,0.04,0.6694,0.0672,0.0379,0.0123,0.161,,0.0,0.0
new_delay,baseline,30,100000,0.0404,0.6714,0.0703,0.0383,0.0131,0.1628,,0.0,0.0
new_delay,baseline,60,100000,0.0392,0.6727,0.0679,0.0372,0.013,0.1588,,0.0,0.0
new_delay,baseline,120,100000,0.0394,0.6738,0.0676,0.0374,0.0131,0.1592,,0.0,0.0
new_delay,baseline,180,100000,0.0418,0.6697,0.0721,0.0395,0.0128,0.1662,,0.0,0.0
new_delay,baseline,240,100000,0.0395,0.6761,0.0675,0.0375,0.0133,0.1591,,0.0,0.0
new_delay,baseline,360,100000,0.0394,0.6766,0.0691,0.0373,0.0138,0.1583,,0.0,0.0
new_delay,logreg,5,100000,0.0393,0.6706,0.0697,0.0373,0.0132,0.1584,,0.0,0.0
new_delay,logreg,10,100000,0.0397,0.6728,0.0706,0.0376,0.0137,0.1594,,0.0,0.0
new_delay,logreg,15,100000,0.04,0.6757,0.0716,0.0379,0.0141,0.1602,,0.0,0.0
new_delay,logreg,30,100000,0.0404,0.6793,0.0738,0.0382,0.015,0.161,,0.0,0.0
new_delay,logreg,60,100000,0.0392,0.675,0.0698,0.0372,0.0137,0.1578,,0.0,0.0
new_delay,logreg,120,100000,0.0394,0.673,0.0715,0.0374,0.0141,0.1587,,0.0,0.0
new_delay,logreg,180,100000,0.0418,0.6713,0.0746,0.0395,0.014,0.1661,,0.0,0.0
new_delay,logreg,240,100000,0.0395,0.6721,0.0696,0.0375,0.0134,0.159,,0.0,0.0
new_delay,logreg,360,100000,0.0394,0.6754,0.0712,0.0373,0.0143,0.1584,,0.0,0.0
new_delay,hgb,5,100000,0.0393,0.6873,0.0704,0.0372,0.0154,0.1563,,0.0,0.0
new_delay,hgb,10,100000,0.0397,0.6908,0.0721,0.0375,0.0163,0.1569,,0.0,0.0
new_delay,hgb,15,100000,0.04,0.6944,0.0741,0.0377,0.0173,0.1576,,0.0,0.0
new_delay,hgb,30,100000,0.0404,0.6932,0.0766,0.0381,0.0178,0.1587,,0.0,0.0
new_delay,hgb,60,100000,0.0392,0.6909,0.0707,0.0371,0.016,0.1556,,0.0,0.0
new_delay,hgb,120,100000,0.0394,0.6933,0.0731,0.0372,0.017,0.156,,0.0,0.0
new_delay,hgb,180,100000,0.0418,0.6911,0.075,0.0394,0.0168,0.1635,,0.0,0.0
new_delay,hgb,240,100000,0.0395,0.6923,0.071,0.0373,0.0163,0.1564,,0.0,0.0
new_delay,hgb,360,100000,0.0394,0.6927,0.0724,0.0372,0.0167,0.1562,,0.0,0.0
new_delay,lgbm,5,100000,0.0393,0.6883,0.0706,0.0372,0.0155,0.1562,,0.0,0.0
new_delay,lgbm,10,100000,0.0397,0.691,0.0719,0.0375,0.0162,0.157,,0.0,0.0
new_delay,lgbm,15,100000,0.04,0.6937,0.0741,0.0378,0.0171,0.1577,,0.0,0.0
new_delay,lgbm,30,100000,0.0404,0.6943,0.0749,0.0381,0.0174,0.1587,,0.0,0.0
new_delay,lgbm,60,100000,0.0392,0.6932,0.0702,0.0371,0.0161,0.1554,,0.0,0.0
new_delay,lgbm,120,100000,0.0394,0.6942,0.073,0.0372,0.017,0.156,,0.0,0.0
new_delay,lgbm,180,100000,0.0418,0.6901,0.0756,0.0394,0.0167,0.1635,,0.0,0.0
new_delay,lgbm,240,100000,0.0395,0.6919,0.0708,0.0374,0.0162,0.1565,,0.0,0.0
new_delay,lgbm,360,100000,0.0394,0.6904,0.072,0.0372,0.0162,0.1563,,0.0,0.0
new_delay,ensemble,5,100000,0.0393,0.689,0.0719,0.0372,0.0162,0.1564,,0.0,0.0
new_delay,ensemble,10,100000,0.0397,0.6918,0.0733,0.0375,0.0168,0.1572,,0.0,0.0
new_delay,ensemble,15,100000,0.04,0.6949,0.0752,0.0377,0.0176,0.1579,,0.0,0.0
new_delay,ensemble,30,100000,0.0404,0.6953,0.0779,0.0381,0.0181,0.1589,,0.0,0.0
new_delay,ensemble,60,100000,0.0392,0.693,0.0721,0.0371,0.0167,0.1557,,0.0,0.0
new_delay,ensemble,120,100000,0.0394,0.6936,0.0752,0.0372,0.0175,0.1563,,0.0,0.0
new_delay,ensemble,180,100000,0.0418,0.6911,0.0772,0.0393,0.0172,0.1637,,0.0,0.0
new_delay,ensemble,240,100000,0.0395,0.6927,0.0724,0.0373,0.0168,0.1567,,0.0,0.0
new_delay,ensemble,360,100000,0.0394,0.6934,0.0743,0.0372,0.0173,0.1564,,0.0,0.0
new_delay,hazard,5,100000,0.0393,0.6856,0.0697,0.0372,0.0146,0.1567,,0.0,0.0
new_delay,hazard,10,100000,0.0397,0.6871,0.071,0.0375,0.0152,0.1576,,0.0,0.0
new_delay,hazard,15,100000,0.04,0.6889,0.072,0.0378,0.0157,0.1584,,0.0,0.0
new_delay,hazard,30,100000,0.0404,0.6894,0.0753,0.0381,0.0168,0.1592,,0.0,0.0
new_delay,hazard,60,100000,0.0392,0.6884,0.0699,0.0371,0.0151,0.156,0.0,0.0,0.0
new_delay,hazard,120,100000,0.0394,0.691,0.0721,0.0373,0.0161,0.1565,0.0,0.0,0.0
new_delay,hazard,180,100000,0.0418,0.6873,0.0744,0.0394,0.0159,0.164,0.0,0.0,0.0
new_delay,hazard,240,100000,0.0395,0.6866,0.0693,0.0374,0.015,0.1571,,0.0,0.0
new_delay,hazard,360,100000,0.0394,0.688,0.0703,0.0373,0.0152,0.1568,,0.0,0.0
