line,n,delay_rate,roc_auc,pr_auc,brier,brier_skill,log_loss,high_precision,high_recall,high_flagged_pct
1,54144.0,0.1666,0.5768,0.2128,0.1382,0.0041,0.4485,0.3147,0.0225,0.0119
2,54144.0,0.2841,0.6098,0.3733,0.1975,0.0289,0.5828,0.4002,0.3188,0.2263
3,54144.0,0.1875,0.6273,0.2655,0.1479,0.0293,0.4676,0.357,0.0263,0.0138
4,54144.0,0.2319,0.605,0.3089,0.1742,0.0221,0.5311,0.3593,0.1655,0.1068
5,54144.0,0.202,0.7239,0.3669,0.1479,0.0822,0.4606,0.4741,0.0738,0.0314
6,54144.0,0.2244,0.6159,0.3079,0.1692,0.0277,0.519,0.3806,0.0974,0.0575
7,54144.0,0.1028,0.6144,0.1589,0.0907,0.0173,0.3236,0.5,0.0005,0.0001
A,54144.0,0.3728,0.5771,0.436,0.2341,-0.0011,0.6635,0.4361,0.4599,0.3931
B,54144.0,0.1521,0.8085,0.3712,0.1154,0.1057,0.3708,0.5059,0.0104,0.0031
C,54144.0,0.1753,0.7205,0.3197,0.134,0.0734,0.4265,0.4467,0.0411,0.0161
D,54144.0,0.2689,0.5841,0.3368,0.1946,0.0104,0.5788,0.3795,0.1893,0.1341
E,54144.0,0.2156,0.5782,0.2805,0.1676,0.0091,0.5194,0.3768,0.0822,0.0471
F,54144.0,0.3106,0.6003,0.3954,0.2095,0.0216,0.6101,0.4104,0.3609,0.2732
G,54144.0,0.078,0.6253,0.1181,0.071,0.0125,0.268,,0.0,0.0
J,54144.0,0.0993,0.627,0.1465,0.0879,0.0172,0.3146,1.0,0.0002,0.0
L,54144.0,0.1197,0.5947,0.1614,0.1044,0.0087,0.363,0.8,0.0006,0.0001
M,54144.0,0.138,0.7541,0.2968,0.1101,0.0742,0.3635,0.4407,0.0035,0.0011
N,54144.0,0.2557,0.6045,0.3448,0.1856,0.0249,0.5572,0.3954,0.1836,0.1187
Q,54144.0,0.2128,0.6165,0.3003,0.1629,0.0272,0.5053,0.4036,0.06,0.0316
R,54144.0,0.2174,0.6765,0.3516,0.1595,0.0628,0.492,0.4328,0.1612,0.081
W,54144.0,0.1107,0.7941,0.2821,0.0913,0.0721,0.3098,0.6667,0.001,0.0002
Z,54144.0,0.0059,0.8676,0.0299,0.0058,0.0057,0.0334,,0.0,0.0
